{
  "pos" : {
    "y" : 191.20536141944,
    "x" : 68.09309043998
  },
  "rot" : 0
}