{
  "pos" : {
    "y" : 262.50679331944,
    "x" : 335.49351273998
  },
  "rot" : 1.915022565
}