{
  "pos" : {
    "y" : 216.59942781032,
    "x" : 290.88506941315
  }
}